Income,Loan,Loan to Income,Default
66155.9251,8106.532131,0.122536751,0
34415.15397,6564.745018,0.190751581,0
57317.17006,8020.953296,0.1399398,0
42709.5342,6103.64226,0.142910532,0
66952.68885,8770.099235,0.1309895,1
24904.06414,15.49859844,0.000622332,0
48430.35961,5722.581981,0.118161047,0
24500.14198,2971.00331,0.121264738,1
40654.89254,4755.82528,0.116980392,0
25075.87277,1409.230371,0.056198657,0
64131.41537,4351.028971,0.067845516,0
59436.84712,9254.244538,0.155698779,0
61050.34608,5893.264659,0.096531224,0
27267.99546,4759.787581,0.17455583,0
63061.96017,1850.369377,0.029342085,0
50501.72669,3977.287432,0.078755474,0
43548.65471,3935.544453,0.090371206,0
43378.17519,3277.737553,0.075561905,0
20542.36507,3157.44229,0.153703932,0
58887.35755,4965.516066,0.084322277,0
23000.784,1148.118057,0.049916475,0
32197.6207,4244.057136,0.131812756,0
23329.31941,222.6222987,0.009542597,0
27845.80089,4959.921226,0.178120976,0
65301.98403,5465.267886,0.083692218,0
47451.63012,5361.282716,0.112984163,0
63287.03891,9595.286289,0.151615346,0
45727.45987,6376.822949,0.139452814,0
59417.80541,2082.625938,0.035050536,0
58842.89131,10871.18679,0.184749365,0
48528.8528,6155.78467,0.126847933,0
23526.30256,2862.010139,0.121651506,0
67252.90061,4221.303157,0.0627676,0
58886.85129,7271.552032,0.123483458,0
57584.97379,1728.423755,0.030015187,0
26289.97231,341.146966,0.012976315,0
25952.38147,2109.200772,0.081271955,0
32464.09188,4326.705073,0.13327664,0
60921.0631,968.8363827,0.015903143,0
26578.53669,3489.843136,0.131303058,1
66260.12156,7035.589107,0.106181349,0
58787.45524,4167.786724,0.070895852,0
62545.70871,4362.905812,0.069755478,0
24381.95345,4227.018986,0.173366707,1
67852.10587,5730.588251,0.084457043,0
41725.61286,1185.2147,0.028404968,0
41896.9716,4892.209734,0.116767622,0
44379.72965,1814.335082,0.040882067,0
28416.89938,1788.973736,0.062954572,0
68427.16311,1658.070233,0.02423117,0
35975.79493,6610.366179,0.183744826,0
57596.3541,3344.384401,0.058065905,0
29681.88309,1745.871674,0.058819438,0
51656.93867,7158.13906,0.138570718,0
24912.84268,267.6962986,0.010745313,0
47761.82407,5549.799128,0.116197386,0
22248.1792,4364.975281,0.19619472,1
29724.47688,3075.345728,0.103461728,0
52143.82367,2393.099679,0.045894212,0
56577.72286,5947.421721,0.105119496,0
37660.77072,2129.597165,0.056546829,0
37403.7954,2044.047045,0.054648119,0
31652.69373,5151.070445,0.16273719,0
32727.70073,1087.919364,0.033241546,0
69078.60481,4076.583914,0.059013698,0
40622.19487,4949.902333,0.121852164,0
37521.01717,8.012076247,0.000213536,0
30735.8085,5946.822297,0.193481889,1
24857.69488,2692.163459,0.108303021,0
33180.20159,4621.997742,0.139299869,0
66628.26009,5992.885092,0.089945094,0
38564.93213,5604.16999,0.145317771,1
33704.5085,5898.000893,0.174991452,1
57018.48483,3507.252166,0.061510792,0
40526.90279,2119.984911,0.052310558,0
50827.98052,1765.983337,0.034744314,0
40775.8116,1922.610022,0.047150748,0
55467.15141,9226.902041,0.166348944,0
38789.02939,7650.65521,0.197237604,0
58074.84013,7388.02444,0.127215579,0
57814.10634,7252.120004,0.12543859,0
45190.72918,7893.559889,0.174672107,0
36801.90718,5406.344926,0.146903934,0
68811.77942,4211.302611,0.061200316,0
30483.29553,4514.00978,0.148081423,1
44930.39417,7708.315625,0.171561273,1
43671.45655,8066.697865,0.184713277,1
27612.9148,1513.6242,0.054815807,0
53607.32693,2378.766173,0.0443739,0
33036.68312,958.9798221,0.029027727,0
64275.83489,7520.032053,0.116996256,0
30673.8375,383.1075694,0.012489718,0
58793.61431,4391.981054,0.074701668,0
21053.49062,754.6018821,0.035842127,0
42095.4222,1183.704568,0.028119556,0
50360.67879,4217.166823,0.083739277,0
41970.72448,1622.317392,0.038653548,0
51663.41018,4147.888585,0.080286775,0
53601.81244,9601.375482,0.179124083,1
43439.98873,6879.306007,0.158363439,1
51461.05317,7292.264177,0.141704527,0
41285.17231,2313.825005,0.05604494,0
62895.74977,2001.281514,0.031819026,0
57296.16082,10601.08278,0.185022567,1
60844.09249,12072.25576,0.198412948,0
47634.54955,141.7038179,0.002974812,0
23998.32369,3928.303909,0.163690763,1
63391.61597,190.8892748,0.00301127,0
21534.55122,228.335387,0.010603211,0
28255.65251,2109.242798,0.074648526,0
36496.13393,165.5060901,0.004534894,0
41631.6663,106.0907472,0.002548319,0
68762.41666,2796.752303,0.040672688,0
30075.26492,2628.577923,0.087399992,0
41302.67418,1379.913124,0.033409777,0
39703.75943,2403.478216,0.060535281,0
63161.09204,804.0924415,0.012730819,0
63062.1421,56.16616439,0.000890648,0
34507.52791,1793.750255,0.051981419,0
27954.70777,1627.041405,0.058202769,0
37369.38206,3783.601151,0.101248695,0
43912.06274,7757.136789,0.176651615,1
22766.7745,1429.401762,0.062784553,0
21603.3057,178.333871,0.008254934,0
61952.90669,3635.600589,0.058683293,0
36116.36509,1494.984568,0.04139355,0
26157.77727,2295.811656,0.087767842,0
26458.3832,552.3981664,0.020878002,0
69156.30377,7364.735578,0.10649406,0
39441.44476,1034.758838,0.026235318,0
60119.06581,1810.96046,0.030122898,0
55613.48546,4255.252137,0.076514754,0
37049.38624,6056.817214,0.163479556,1
23122.06493,4263.493031,0.184390669,0
48790.13243,5519.09604,0.113119103,0
59132.68516,4575.527635,0.077377302,0
55305.57483,8176.707165,0.147845985,0
26037.46364,3293.250879,0.126481247,1
64899.80503,4654.249217,0.071714379,0
27089.12432,5029.488782,0.185664502,1
45341.47464,6525.218423,0.143912797,1
24865.79807,4439.116154,0.178522971,0
28239.54321,4189.832568,0.148367576,1
52730.0805,5706.325323,0.108217649,0
28982.05815,2898.761824,0.100019185,0
36221.26601,5094.670084,0.140654114,1
33551.12437,4333.360862,0.129156949,0
43891.35597,5792.906333,0.131982852,0
45148.88572,6455.391772,0.142980091,0
58481.01216,5380.560596,0.092005258,0
69579.92921,10868.24147,0.156197938,0
52743.30857,2684.700671,0.050901256,0
65635.66153,12701.60348,0.193516804,0
34559.90704,3317.529874,0.095993599,0
60218.53153,3157.961082,0.052441682,0
51689.54854,9881.976006,0.191179383,0
47541.61434,1611.216597,0.033890658,0
62905.79302,11423.9363,0.181603883,1
65632.60458,12498.04045,0.190424265,0
31847.85372,2913.769931,0.091490308,0
27947.44028,5514.117421,0.197303129,0
62246.72725,406.7207693,0.00653401,0
40154.68857,6013.152874,0.149749708,0
58627.55488,1215.65256,0.020735174,0
33441.05107,5282.72856,0.157971367,1
55603.7868,1411.13008,0.025378309,0
31046.37897,4907.674084,0.158075571,1
44708.09987,2390.850597,0.0534769,0
23340.2707,2707.760939,0.116012405,0
24830.18197,2046.68505,0.082427308,0
31422.74739,1686.835902,0.053681999,0
60477.23385,10711.7009,0.177119557,0
26039.02149,2056.752382,0.078987315,0
36186.84807,1130.735265,0.031247133,0
39772.11873,5492.893689,0.138109154,0
34730.16407,818.5084419,0.023567653,0
23118.48331,1746.936559,0.075564497,0
50072.84763,8088.568019,0.16153601,1
67465.06239,1802.616994,0.026719267,0
38625.63201,5836.563381,0.151105965,1
45227.48283,5521.507405,0.122083014,1
64901.89773,9589.833525,0.147758908,0
40543.91354,6507.850191,0.160513617,0
27793.26672,382.2489041,0.013753292,0
61167.77482,10396.61815,0.16996888,1
64619.66462,9704.782409,0.150183113,1
37593.75787,7274.325628,0.193498231,0
35032.6496,135.9316845,0.003880143,0
58364.46498,5809.899,0.099545143,0
56945.81041,6388.369826,0.112183316,0
27204.84855,3827.893915,0.140706312,1
21648.26103,3558.527262,0.164379359,0
31077.85689,4452.330679,0.143263762,0
42522.92241,6790.850263,0.159698579,0
31769.24772,1148.221436,0.036142544,0
35556.77991,6361.973438,0.178924342,1
52908.82424,9841.080553,0.186000742,0
35045.13141,2382.466772,0.067982817,0
44488.16448,2751.088843,0.061838668,0
41679.93712,395.0007751,0.009477,0
54619.9472,10780.27188,0.197368772,0
38053.62313,6110.572792,0.16057795,1
64718.66178,1485.079935,0.022946703,0
43159.08497,4350.019897,0.100790364,0
29445.5105,1758.881865,0.059733448,0
25817.38988,4115.484719,0.159407467,0
66356.85674,10725.48473,0.161633405,0
56676.158,2278.554349,0.040203049,0
61000.04277,2160.784908,0.035422679,0
58906.25169,9290.575345,0.157717985,0
49589.15372,2627.405488,0.052983471,0
40141.60354,845.3663713,0.021059606,0
31659.72821,858.511388,0.027116827,0
62658.22163,3343.367161,0.053358794,0
39264.4835,5255.788283,0.13385604,0
46643.12648,6440.861434,0.138088115,0
30515.37212,415.240435,0.013607582,0
65077.32203,11061.81189,0.169979519,0
60871.869,4844.172224,0.079579817,0
25011.1039,3834.042782,0.153293625,0
68407.18551,597.9440655,0.008740954,0
43727.43934,1170.556334,0.026769378,0
45788.7471,5894.041317,0.128722485,0
65705.01082,1969.794134,0.029979359,0
32434.70251,2738.440496,0.084429339,0
58121.66858,7531.101249,0.12957476,1
62498.50725,3312.877622,0.053007308,0
26090.72588,4255.626392,0.163108777,0
64780.93854,8402.415586,0.129705061,1
65588.40342,7879.738136,0.120139197,1
65743.70367,7724.571414,0.117495227,0
37164.52158,1445.802189,0.038902753,0
65176.52978,2365.28749,0.036290479,0
34615.54217,6476.760852,0.187105573,1
59079.46505,10326.08977,0.174783061,0
56267.17164,7329.243164,0.130257892,1
34862.82129,6040.772062,0.173272611,0
60521.3641,8035.883173,0.132777628,0
42276.78291,8055.305084,0.190537324,0
38451.17771,3441.261416,0.089496905,0
45985.10865,7382.056426,0.160531456,0
51000.42244,778.7326956,0.015269142,0
31523.10777,5174.570569,0.164151663,0
28648.67675,1870.925253,0.065305817,0
27514.42796,3400.910744,0.123604632,1
27441.00038,1455.047602,0.053024583,0
67709.24159,5136.819308,0.075865852,0
38600.70719,2749.080191,0.071218389,0
30950.29541,5043.148637,0.162943473,1
27083.82287,3286.212882,0.121334898,0
21512.74527,2453.376121,0.114042912,0
34796.00356,443.6665381,0.012750503,0
27089.39284,1851.311563,0.068340829,0
25259.40163,4341.008082,0.171857123,0
47007.31358,4069.402646,0.086569564,0
20358.66502,1064.686918,0.0522965,0
67900.22653,7902.742965,0.116387579,0
54418.47099,5630.741221,0.10347114,0
51288.55469,6536.966363,0.127454681,1
28199.60163,3871.688902,0.137295872,0
22199.61514,1498.390919,0.067496257,0
50514.46963,2003.65357,0.039664943,0
34414.24034,617.5387522,0.01794428,0
37633.08743,868.1624733,0.023069127,0
55235.50407,4910.547658,0.088902016,0
45587.55184,8366.614268,0.183528484,0
52757.79494,2321.206314,0.04399741,0
41174.80813,2888.44471,0.070150775,0
25685.5352,490.7429211,0.019105809,0
28145.303,4805.971549,0.170755723,0
52094.21837,495.0211992,0.009502421,0
33552.38598,6054.244126,0.180441538,1
37400.93377,1693.137378,0.045269923,0
21605.72509,2828.308618,0.130905517,1
57562.89174,8508.835399,0.147818067,0
62288.53961,10657.10612,0.171092567,1
22767.2642,1205.786013,0.052961392,0
20943.04333,4098.11579,0.195679096,1
20622.8601,3518.452629,0.170609344,1
48436.66463,5851.409789,0.120805382,0
27574.63418,1017.39616,0.036896089,0
62889.36214,6525.151793,0.10375605,0
37683.20049,7414.552853,0.196760168,0
54974.4555,8922.199717,0.162297191,0
56326.08667,4816.776074,0.085515901,0
65670.88344,3950.870172,0.060161672,0
50730.73339,1879.059662,0.037039868,0
64184.91579,1854.239613,0.028889025,0
66179.32411,3646.93786,0.055106907,0
24969.5268,3595.501942,0.143995598,0
54925.51827,554.4883448,0.010095277,0
67879.24802,10433.47435,0.153706393,0
67787.52676,9607.498847,0.141729597,0
31657.6193,1448.071984,0.045741658,0
36559.13503,3030.267241,0.082886732,0
57787.56566,6339.850844,0.109709602,0
42521.72601,2661.612516,0.062594179,0
51935.18063,5649.452468,0.108778912,0
45677.87613,2966.246125,0.064938355,0
51363.59581,761.4224042,0.014824165,0
27218.56103,4145.003587,0.152285919,0
43677.62922,6739.858598,0.154309167,1
21533.59551,1971.55422,0.091557131,0
28010.19093,3971.155479,0.141775381,0
51589.28275,56.99097407,0.001104706,0
50480.95269,8831.184365,0.174940921,1
43957.35058,5416.357798,0.123218477,1
61878.34655,567.6687734,0.009173949,0
60153.33697,6472.347007,0.107597472,0
33388.58334,4551.876889,0.136330339,0
41310.40178,4481.162213,0.108475397,0
25576.95393,1922.656626,0.075171447,0
51455.09845,9447.117157,0.183599244,0
48134.15693,2075.596112,0.043121065,0
51348.5273,1507.891341,0.029365815,0
20532.82373,1897.780821,0.092426684,0
33297.21402,3674.74134,0.110361826,0
55858.54924,5630.444972,0.100798267,0
43777.51848,3601.299685,0.082263678,0
27789.51906,186.8280739,0.006722969,0
36132.42388,99.4495914,0.002752364,0
20145.9886,839.8390632,0.041687657,0
63108.70739,5757.848995,0.091236998,0
26581.61453,5090.392774,0.191500511,0
62040.88963,7643.631046,0.123203118,0
69958.70554,8755.691977,0.125155146,1
38082.51952,4213.465259,0.110640402,0
45183.05418,5953.453524,0.131762972,1
36242.44796,5688.994849,0.156970491,0
44527.2589,4588.472286,0.103048613,0
40496.25582,4834.603798,0.11938397,0
24698.66931,2427.650788,0.098290752,0
60560.30553,1994.621134,0.032936114,0
48018.21146,6120.090021,0.127453519,0
30216.25196,2116.53731,0.070046322,0
61742.23995,8068.319704,0.13067747,0
47288.42667,4004.988852,0.084692791,0
24658.89932,590.5980812,0.023950707,0
64644.3481,9848.171449,0.15234389,0
57517.72414,4536.857209,0.078877551,0
52945.54779,6262.007945,0.118272607,0
36366.99041,371.040895,0.010202684,0
62113.72957,11928.50986,0.192043047,1
62279.5195,6801.405893,0.109207745,0
61799.08496,5619.217604,0.090927198,0
50139.74001,7758.799823,0.154743519,1
69566.68435,9875.037183,0.141950666,0
44897.48837,5732.399032,0.127677499,0
22572.30276,724.1931885,0.032083266,0
37123.07964,5659.509278,0.15245258,1
68744.78865,5207.883117,0.07575677,0
21081.19418,2395.16535,0.113616208,0
58828.29212,5947.645468,0.101101787,0
46706.45886,7084.263509,0.151676314,1
32312.85338,228.3308036,0.007066253,0
60778.76502,10021.04922,0.164877474,0
30948.04155,3995.807295,0.129113414,0
60122.01157,7189.350735,0.119579345,0
43321.68112,743.867141,0.017170782,0
47904.34124,6183.514146,0.129080455,0
58597.38325,2588.490266,0.044174161,0
66091.90591,8743.509701,0.1322932,1
47316.70138,1940.674044,0.041014568,0
40872.63977,5312.491706,0.129976721,0
35154.49348,4037.719604,0.11485643,0
32222.81881,934.4771331,0.029000478,0
40447.67296,1072.192659,0.026508142,0
48463.20455,8120.25809,0.167555121,0
42843.09913,839.869024,0.019603368,0
50310.42244,8361.7191,0.166202522,0
57565.19996,5353.561654,0.092999966,0
55066.18297,9332.702666,0.169481561,0
46065.94821,4947.308728,0.10739622,0
38309.58566,3545.723971,0.092554485,0
54472.14476,10836.38309,0.198934394,0
58695.0944,1826.516302,0.031118722,0
54748.91231,5438.093693,0.099327885,0
46328.17192,7879.676208,0.170083901,0
49633.32747,7915.313443,0.159475777,0
66339.78388,2350.891508,0.035437129,0
62650.71966,6425.365364,0.102558524,0
27646.78005,3132.148692,0.113291627,0
21437.61575,2563.960873,0.119601028,0
50648.19844,7110.755833,0.14039504,0
29670.67184,2928.984088,0.098716473,0
20258.53866,2767.8373,0.136625714,1
34475.21797,3162.133837,0.091721939,0
28926.43246,750.067107,0.025930163,0
20660.66895,1756.037625,0.084994229,0
24987.93409,3946.898246,0.157952163,0
29672.56081,607.9094842,0.020487261,0
23241.59989,457.1966172,0.019671478,0
24217.22876,2104.384323,0.086896166,0
65574.09334,3031.246326,0.046226279,0
55994.45879,680.6196961,0.012155126,0
67369.33212,2299.418172,0.034131527,0
23305.77149,4521.004312,0.193986469,1
35195.46635,2836.988178,0.080606637,0
27135.07262,1387.248801,0.051123829,0
24037.16514,2469.364426,0.1027311,0
51625.31323,4592.24555,0.088953369,0
50705.76626,1096.967075,0.021633971,0
58079.1569,11540.04581,0.198695133,1
62192.46707,1863.891003,0.029969723,0
62553.66841,4641.704785,0.074203558,0
68147.95732,12307.56232,0.180600605,1
27619.66141,2774.832781,0.100465851,0
65330.19284,4030.803692,0.061698941,0
26680.14584,1671.184924,0.062637773,0
46104.59891,2342.472921,0.050807793,0
44904.59764,4953.773599,0.110317737,0
52934.59443,3248.627718,0.061370598,0
43509.75776,7363.037639,0.169227273,1
22118.35733,3928.121846,0.177595551,0
56275.41002,2224.88416,0.039535637,0
48630.97953,5862.833029,0.120557576,1
64272.7,4929.878818,0.076702532,0
24349.00295,3890.47105,0.159779481,0
34332.31526,1225.720223,0.035701648,0
64940.24109,8196.930726,0.126222672,0
30595.74801,3495.069881,0.114233843,0
53422.21625,7441.759617,0.13930084,1
69995.68558,2084.370861,0.029778562,0
48270.79624,6232.280399,0.129110785,0
27028.15559,331.3643087,0.012259967,0
23519.86609,2368.381231,0.100697054,0
37302.0834,2366.17424,0.063432764,0
55601.27185,10533.45516,0.189446299,1
62678.64545,333.4413981,0.005319856,0
41602.43398,7005.079292,0.168381477,1
27533.00133,1551.420288,0.056347663,0
30594.17656,118.3421421,0.003868126,0
47846.9459,3713.262688,0.077607099,0
55273.275,10282.99745,0.186039229,1
23086.25541,1256.40116,0.054422042,0
29621.27488,5575.253691,0.188217884,1
47533.92095,6637.770871,0.139642822,0
62519.18418,2324.547705,0.037181351,0
50878.95904,3257.012629,0.064014923,0
58580.95951,4317.715478,0.0737051,0
69445.64945,10643.40418,0.153262361,1
60929.17235,11146.07446,0.18293494,0
35496.6655,168.0547853,0.004734382,0
33572.4235,3369.377023,0.100361448,0
55306.91435,5272.535014,0.095332294,0
34141.92764,3371.66431,0.098754363,0
40453.89095,890.9395353,0.022023581,0
69088.77742,11246.48815,0.16278314,0
30885.6922,5216.354091,0.168892251,0
58683.22632,271.7344685,0.00463053,0
60675.81216,11617.74891,0.191472491,0
68460.68003,949.9566247,0.013875945,0
63653.83991,8866.527185,0.139292888,1
42522.57576,5036.25528,0.118437211,0
54140.42913,7896.223766,0.145847085,1
47548.36262,6153.936564,0.129424784,0
24114.01226,3900.829601,0.161766095,0
20686.23909,3052.576691,0.147565571,1
21412.30861,2639.710126,0.123280034,1
69391.1466,2550.265147,0.036752025,0
32319.26222,2733.420559,0.084575587,0
52862.94714,9754.152239,0.184517753,0
48383.27615,2763.263955,0.057111965,0
36430.5384,5855.185594,0.160721907,0
44268.89401,6043.143106,0.136509918,1
63806.32925,114.4999674,0.001794492,0
46195.77717,927.0675939,0.020068232,0
23743.16077,3254.74895,0.137081536,0
22089.83748,2584.022038,0.116977865,0
54707.28851,10255.19011,0.187455646,0
23203.64719,749.1453684,0.032285673,0
25342.25068,871.5300911,0.034390398,0
31645.63282,5193.838197,0.164124959,1
32306.8084,3603.364078,0.111535749,0
61262.81632,5564.163603,0.090824483,0
26388.7273,1191.332138,0.045145494,0
53009.42543,3589.253506,0.067709723,0
58163.54068,2237.927764,0.038476471,0
38665.03393,6152.004833,0.159110292,0
25289.04722,3701.537602,0.1463692,0
66049.93403,13172.6813,0.199435192,1
56282.98253,8215.558384,0.145968782,0
35778.61523,5544.654684,0.154971193,1
29174.24031,665.5770001,0.022813859,0
55934.43256,5643.179899,0.100889195,0
32256.86152,2809.322185,0.087092236,0
68052.80692,1415.718263,0.020803231,0
26957.05387,4172.988238,0.154801347,0
48685.04202,9698.582169,0.199210718,1
38288.07108,1723.399373,0.045011392,0
42468.02083,1902.26561,0.044792895,0
55377.77303,6882.873416,0.124289458,0
54231.70279,10156.14231,0.187273159,1
53283.25871,4065.218795,0.076294485,0
52534.78548,3810.131842,0.072525886,0
47847.51563,8494.016431,0.177522622,1
59998.25327,4659.535976,0.077661194,0
58684.51301,5415.817417,0.092286996,0
49114.78793,6388.85036,0.130079974,0
57179.40201,2991.967351,0.052325964,0
69395.11648,11047.68434,0.159199738,1
43963.73801,4481.436861,0.101934846,0
66326.47247,5602.160022,0.08446341,0
35886.72684,843.749092,0.023511453,0
35578.23411,3640.848886,0.102333603,0
48689.00043,3859.471823,0.079267839,0
56510.83536,9255.439649,0.163781682,0
50275.89996,5541.821255,0.110228186,0
56665.49409,11159.79317,0.196941602,0
42912.09054,4550.122853,0.106033586,0
22169.72922,947.1996384,0.042724908,0
35919.80732,1227.109484,0.034162474,0
61987.68527,2618.243037,0.042238116,0
30044.68352,1428.439625,0.04754384,0
61528.27242,10897.90548,0.17712029,0
31196.49177,987.2615366,0.031646556,0
66003.95999,11207.49523,0.169800346,1
56960.67384,4856.483454,0.085260288,0
41315.10789,1378.909057,0.033375419,0
64913.34384,9781.326722,0.150682836,1
32804.90449,4961.25568,0.151235181,0
25789.2098,2410.277414,0.093460693,0
31908.35431,1857.461578,0.05821239,0
56050.30258,6870.83901,0.122583442,1
66505.77569,6571.197021,0.098806411,0
57504.07174,8107.267645,0.140985975,0
44619.11149,2474.977159,0.055468992,0
21158.93529,3562.308296,0.168359525,0
22765.19092,540.6177247,0.023747559,0
25052.82026,3367.701923,0.134424064,0
61006.1073,5850.770691,0.095904672,0
62321.24247,10649.07205,0.170873873,0
49604.54421,7045.919202,0.142041809,0
48433.37349,789.6333613,0.016303497,0
57590.28328,7676.310663,0.133291768,1
62691.70137,8244.7489,0.131512604,1
51121.65687,6471.628202,0.126592693,0
22516.54035,4267.451902,0.189525204,0
60857.23505,10486.74435,0.172317134,0
62908.35748,3213.898146,0.051088572,0
49665.63384,2713.885075,0.054643118,0
65322.80107,2739.71999,0.041941251,0
20598.92656,3872.402468,0.187990498,0
55476.65698,4733.50583,0.08532428,0
26218.49485,3343.816358,0.127536549,1
40794.87023,6519.43706,0.159810217,0
53719.65111,1670.737893,0.031101056,0
20715.53563,369.5277394,0.017838194,0
57163.8524,577.5307824,0.010103077,0
33751.20531,6494.184336,0.192413405,1
44832.56472,1256.253538,0.028021005,0
51035.63346,2889.880195,0.056624754,0
53493.48601,5030.8288,0.094045634,0
58205.68,10035.60302,0.172416215,0
47439.94076,7896.356942,0.166449553,1
47586.22771,3343.056276,0.070252601,0
26100.85126,960.1372514,0.036785668,0
45326.40367,5142.110837,0.113446257,0
24391.75623,2198.144889,0.090118353,0
53741.37102,6513.150125,0.121194342,0
40053.72227,44.5272461,0.001111688,0
53033.86413,10427.4705,0.196619098,0
25176.50201,3064.718488,0.121729321,0
31210.84702,3853.088042,0.123453492,0
23532.2763,1077.8404,0.045802641,0
63776.77079,6697.971583,0.105022119,0
52278.765,4269.136035,0.081660996,0
56015.81322,2275.763425,0.04062716,0
56110.93994,9351.006131,0.166652103,0
57856.80823,8824.164747,0.15251731,1
30187.09186,4462.823258,0.147838794,1
30786.87193,3563.319789,0.115741534,0
22279.29977,3141.338536,0.140998082,0
42476.26553,8334.182008,0.196207974,0
58147.79986,3951.189747,0.067950804,0
36266.21187,3206.927665,0.088427423,0
39045.49716,1165.492158,0.029849592,0
64467.80368,521.5757014,0.008090483,0
36594.80667,3492.334022,0.095432504,0
58797.76286,8892.963303,0.151246627,0
66653.27093,5180.71186,0.077726296,0
48271.49838,6077.680287,0.125906187,1
30991.43192,4589.267265,0.148081808,1
45446.51834,8474.982464,0.186482546,1
37142.73889,161.2375511,0.004341025,0
58320.80889,10033.49168,0.172039652,1
24825.54068,3650.196352,0.147033912,0
20511.42944,931.7900744,0.045427847,0
48326.32089,7168.707002,0.148339598,0
55441.35879,10768.74784,0.194236723,0
60496.90792,1115.154587,0.018433249,0
25296.15423,1320.462443,0.052200126,0
50414.32032,2468.171999,0.048957756,0
67984.04038,1642.969471,0.024166988,0
50382.39977,9183.842295,0.182282748,0
49413.29854,2554.044352,0.051687388,0
61464.82064,5099.08746,0.082959446,0
53784.04957,2761.85138,0.051350752,0
35993.28793,901.9277107,0.02505822,0
63402.00468,7530.767633,0.118778068,0
40484.97132,1093.679203,0.027014449,0
26168.01227,3040.98135,0.116209872,0
60044.28152,6823.434443,0.113640038,0
23984.55095,4622.275198,0.192718855,0
40359.70119,1783.697326,0.044195008,0
33583.89108,1251.867366,0.037275829,0
68038.79202,10108.79585,0.148574005,0
45652.05927,5408.212129,0.118465897,0
34399.20978,6019.834423,0.174999207,1
57628.43892,5021.639683,0.087138222,0
24294.67689,4360.053009,0.179465363,1
52218.88251,9792.091531,0.187520128,0
50061.76774,6145.131817,0.122750995,0
49352.27422,3362.774486,0.068138187,0
21087.35554,3353.693571,0.159038129,0
23812.25268,2716.655819,0.114086469,0
49395.16649,5927.574676,0.120003132,0
33338.94399,2929.851424,0.087880751,0
29668.32072,2042.436463,0.068842335,0
45936.5972,8525.231909,0.185586927,0
55948.06772,8569.220573,0.153163834,0
53239.50071,4606.156805,0.086517656,0
43694.03444,5049.635509,0.115568076,0
24078.0725,3276.139948,0.136063215,0
50258.55302,1086.246165,0.02161316,0
41816.65683,4534.575973,0.108439467,0
36892.71622,6463.647751,0.175201189,0
23886.56761,4440.419617,0.185896094,1
48757.76505,1833.581051,0.037605929,0
34601.68266,2430.101618,0.070230735,0
52986.00455,4928.607034,0.093017148,0
50740.95102,784.5773121,0.015462408,0
53096.9914,2663.052609,0.050154492,0
38500.00065,7571.682318,0.19666707,0
41004.26236,1016.141008,0.024781351,0
63585.36459,1594.972682,0.025083959,0
31823.68106,2290.430342,0.071972514,0
26242.63362,1801.228195,0.068637478,0
63531.24599,6917.508435,0.108883563,0
64751.14654,2289.851251,0.035363872,0
31091.2763,4071.083034,0.130939721,0
66871.26736,3614.268185,0.054048148,0
25098.65283,2611.848092,0.104063278,0
33720.58922,1365.952209,0.040507958,0
28182.52329,2285.956538,0.081112557,0
27334.56971,2963.794432,0.108426599,0
68694.84318,12731.89464,0.185339889,1
46195.62167,2888.633728,0.062530466,0
34488.20985,2156.314406,0.062523234,0
57827.6631,10816.75901,0.187051636,1
20346.46905,656.0331879,0.032243098,0
60480.9758,3216.094541,0.053175308,0
51915.67978,2282.911022,0.04397344,0
54625.50698,8619.745177,0.157797074,1
48305.42709,4833.47747,0.100060754,0
28577.96451,1639.225639,0.057359776,0
53400.82701,10418.19298,0.195094225,0
43414.48789,7170.946724,0.165174048,0
47526.23413,8957.330544,0.188471288,0
46082.07216,2921.235379,0.063392014,0
32195.59252,4980.013585,0.154679979,0
49067.09129,7258.968492,0.147939654,0
21293.47713,1368.691922,0.064277521,0
52100.91739,4767.277192,0.09150083,0
48334.38778,2234.443137,0.046228849,0
58507.62355,694.1351678,0.011864012,0
27521.04034,2699.851346,0.098101355,0
63914.22537,139.3145719,0.002179711,0
28598.83265,524.2010921,0.018329458,0
23298.46675,1741.183919,0.074733841,0
35697.55414,2907.958272,0.081460995,0
40376.16358,3901.937984,0.096639642,0
56534.96684,2161.083752,0.038225613,0
36088.93861,6222.415273,0.172418905,0
34158.63397,2911.408067,0.085231982,0
29732.05762,3485.018026,0.117214156,0
41736.20154,7602.613055,0.18215872,1
42236.45609,4749.068675,0.112440037,0
28796.85084,706.2289942,0.024524522,0
55097.38848,9342.479427,0.169563017,1
40916.56415,5219.804028,0.127571905,0
20908.3351,3133.624447,0.149874413,1
57999.77239,859.5892942,0.014820563,0
57746.58159,727.194665,0.012592861,0
55116.23451,10284.60679,0.186598502,0
57765.52116,5445.22266,0.094264235,0
45200.9928,7335.962568,0.162296492,0
42435.18949,2766.280914,0.065188372,0
46365.57352,5443.276307,0.117399094,0
57187.70089,9390.672261,0.1642079,0
66539.9276,12129.08223,0.182282769,0
25244.7267,1278.999504,0.050664027,0
54780.34561,8134.220408,0.148487935,0
59253.12146,7327.283577,0.123660719,0
48540.34154,1012.934993,0.0208679,0
30415.10508,4362.083152,0.143418316,1
48768.69924,500.5991056,0.010264762,0
52299.21808,7880.685807,0.150684582,1
42242.48912,2070.379381,0.049011775,0
28218.96527,1305.082433,0.046248416,0
40208.13186,459.0346888,0.011416464,0
61419.67284,9921.672387,0.161538998,1
51282.50524,8445.385343,0.164683556,1
36017.90275,1526.392476,0.042378716,0
57575.00979,9857.22995,0.171206744,1
53330.76714,2343.497556,0.043942694,0
39834.51984,699.9557764,0.017571588,0
62469.42837,7286.550391,0.116641861,0
40334.61673,6808.869955,0.168809586,0
47542.8027,9448.209721,0.1987306,0
55883.62286,974.5630674,0.017439153,0
29163.01588,1469.129704,0.050376467,0
47786.14106,7181.478553,0.15028371,1
29736.3105,657.0484089,0.022095828,0
50831.42753,9572.586884,0.188320245,1
62030.046,7572.567589,0.122079026,0
54049.01274,4569.647911,0.084546372,0
34336.01759,3441.644524,0.100234237,0
31895.71531,3423.346172,0.107329343,0
51894.5401,6579.534007,0.126786633,0
37616.71086,5732.240108,0.152385469,0
22076.948,3948.143344,0.178835559,0
56252.95371,7327.070282,0.130252188,0
26316.75849,923.0284413,0.035073789,0
23120.87961,1417.846522,0.061323209,0
39033.03271,5757.890479,0.147513275,0
32420.81815,1494.212974,0.046088071,0
68827.24433,1049.175477,0.015243607,0
58092.20489,5277.74042,0.090851095,0
43538.85612,8523.901116,0.195776873,0
64040.48418,5408.727767,0.084457946,0
34395.22922,2089.7325,0.060756464,0
57405.51493,6914.75154,0.120454482,0
22581.13397,34.28510582,0.001518308,0
27952.94598,3965.251974,0.141854529,0
54022.91284,10641.45144,0.196980335,1
63546.16476,6170.239116,0.097098529,0
60713.4303,396.2336776,0.006526294,0
44519.32947,1446.468103,0.032490788,0
40997.79899,7908.331843,0.192896498,0
63661.38333,6095.308749,0.095745779,0
34429.14674,2240.277404,0.065069211,0
29181.86143,2529.612969,0.086684428,0
52510.43824,1858.30824,0.035389311,0
37536.34724,2634.358585,0.070181538,0
35683.74495,4337.825559,0.121563069,0
45622.29071,528.1812501,0.011577263,0
67385.40318,6747.232379,0.10012899,0
69411.79253,12176.78244,0.175428151,0
48322.51407,7732.696396,0.160022643,1
40836.58881,6994.487801,0.171279923,1
38035.95133,4298.705028,0.113016893,0
42696.97137,222.1964386,0.005204033,0
24181.69479,1529.018868,0.063230426,0
33194.40264,6615.387858,0.19929227,0
32541.46153,780.8328568,0.023995015,0
38381.41306,322.7241556,0.008408345,0
25921.91253,5104.746789,0.196927861,0
58810.97173,9099.724338,0.154728345,1
63025.74408,2956.977746,0.046916983,0
29954.00451,5774.07427,0.192764686,0
40641.52302,5042.326368,0.124068342,0
43940.9107,2855.379187,0.064982249,0
65166.97287,8859.087469,0.135944437,1
58820.38206,530.6578241,0.009021666,0
50719.76308,4770.937668,0.094064668,0
46766.59592,2383.407757,0.050963892,0
67520.7596,13041.77945,0.193152144,0
28386.25355,1718.943782,0.0605555,0
68276.03076,4842.07796,0.070919148,0
30731.72628,1129.562412,0.03675558,0
30012.25109,3972.151405,0.132350999,0
38075.31877,6928.943621,0.181979924,0
55932.39657,4876.366909,0.087183228,0
27966.24445,4445.203178,0.158948878,0
53825.53674,5272.804792,0.097961026,0
65451.49652,8129.048931,0.124199588,0
39473.99586,6034.153228,0.152864008,0
42344.80871,6800.246806,0.160592219,0
36112.87441,3737.212187,0.103486977,0
32720.5048,4367.26495,0.133471808,1
27973.82656,403.4021354,0.014420699,0
21306.03312,3791.023528,0.177931927,0
36029.30158,2928.100439,0.081269975,0
48457.96355,8108.172683,0.167323843,1
46038.51066,6868.987805,0.149200913,0
34247.15902,6458.790585,0.188593471,1
64247.615,4513.203694,0.070247023,0
62109.76709,2816.430158,0.045346011,0
21481.80379,1137.657891,0.052959142,0
20762.47447,2385.224837,0.11488153,0
33756.52723,1169.835925,0.034655103,0
54325.80727,6978.525057,0.128456905,1
33197.8078,3993.146866,0.12028345,0
56846.47423,5268.227475,0.092674657,0
26542.93109,4233.089586,0.159480864,0
53200.54815,3090.473119,0.058091001,0
38073.4069,2284.005677,0.059989527,0
43937.21904,3213.541963,0.073139403,0
49284.81941,493.589997,0.010015051,0
22869.32345,527.5515684,0.023068088,0
60113.34254,8253.384569,0.13729705,0
23613.25569,2469.234585,0.104569849,0
68755.09442,10990.53375,0.159850464,0
26449.32829,2952.123152,0.111614296,0
42855.41611,4923.814846,0.114893642,0
25686.77894,3728.397031,0.145148484,0
67125.64924,7482.067369,0.111463613,0
27427.78945,719.9466646,0.026248804,0
37145.57306,1510.735507,0.040670674,0
41702.60077,6105.727929,0.146411203,0
20710.77596,3960.710873,0.191239135,0
39124.16436,401.3267334,0.010257771,0
32834.64674,4184.578203,0.127443984,0
26267.2214,1136.117271,0.043252282,0
41254.2282,6993.049441,0.169511096,1
38268.6966,2522.057185,0.065903922,0
37087.26876,6391.153194,0.172327416,0
38458.13304,3644.30607,0.094760348,0
40185.77567,1002.340574,0.024942671,0
65481.94555,10614.24849,0.162094275,0
57426.68048,2461.974406,0.042871613,0
47903.31425,4283.226974,0.089414001,0
34222.18775,3582.151364,0.10467336,0
28481.2656,5302.179943,0.186163776,0
43069.65215,4091.561292,0.094998708,0
33093.96186,3852.992444,0.116425844,0
61363.85606,9636.804731,0.157043663,0
68100.73562,8124.59898,0.119302661,0
50551.48034,5262.616088,0.104104095,0
54421.05401,6229.836019,0.11447474,0
32152.45974,3550.584889,0.11042965,0
40230.97571,745.1947491,0.01852291,0
53483.374,1459.668599,0.027292007,0
65137.93776,10352.18177,0.158927073,0
29496.59413,2216.975334,0.075160384,0
45181.93371,2243.153992,0.049647145,0
24994.7782,51.64026024,0.002066042,0
54820.97401,10070.94905,0.183706131,1
62955.60829,207.5438178,0.003296669,0
52956.24608,959.0972148,0.018111125,0
40366.20324,7410.792024,0.183589028,1
60005.01013,10677.66802,0.177946275,0
37598.38508,3641.808411,0.096860767,0
61323.0009,8699.946682,0.141870857,0
21243.9323,3438.979277,0.161880542,0
62111.43441,499.2085782,0.008037306,0
56524.87881,5296.940273,0.093709892,0
51718.13696,1036.616804,0.020043584,0
43205.63175,4835.274657,0.111913065,0
26934.19744,4113.299167,0.152716604,0
68966.82256,6690.635338,0.097012376,0
31527.3472,2062.719158,0.065426347,0
46839.06109,1498.200316,0.03198613,0
32151.29686,4601.940086,0.143133887,0
40831.80192,6429.593688,0.157465343,0
30868.80482,4618.392184,0.149613573,0
62988.82643,6924.901569,0.109938571,0
65496.76748,11805.55577,0.180246388,0
63032.62627,390.3358609,0.0061926,0
27287.07454,4509.881422,0.165275373,1
44299.37174,5154.909843,0.116365304,0
44091.34923,1664.104927,0.037742209,0
26617.03032,2727.241681,0.102462283,0
21856.23353,1500.653745,0.068660217,0
28072.60436,1.377629593,4.91E-05,0
35950.48845,2664.925675,0.074127663,0
28982.11236,1440.499168,0.049703043,0
51790.72645,1281.035729,0.024734848,0
65000.81962,1114.914824,0.017152319,0
29761.04601,3748.258124,0.125945107,1
23081.45074,257.6612015,0.011163129,0
60016.74099,1522.646768,0.025370367,0
54619.15536,901.2777768,0.01650113,0
66274.2081,10257.91839,0.154779947,0
49380.65863,5425.280945,0.109866516,0
46283.06746,2166.1231,0.046801632,0
25554.69852,4229.914353,0.165523939,0
36680.18192,4849.333785,0.132205827,1
30383.67633,2153.607725,0.07088042,0
67730.4437,8881.583636,0.131131337,1
36446.72414,2927.675444,0.080327533,0
33648.73899,1498.161255,0.044523548,0
53852.79954,2089.909464,0.038807815,0
61298.21867,9399.504602,0.153340583,0
69465.74696,7983.705373,0.114930102,0
39102.04171,4200.697505,0.107429109,0
29366.58233,4049.253865,0.137886453,1
67949.73807,1790.348617,0.026348131,0
29468.85918,3703.953047,0.125690412,1
56839.4019,9004.801714,0.158425343,0
38277.93687,7405.80321,0.193474461,0
49664.27072,5571.456364,0.112182386,0
49972.01083,763.9541159,0.01528764,0
27356.80095,2983.583322,0.10906185,0
36840.60366,6557.940331,0.178008493,0
51438.81407,6898.783719,0.134116306,0
40614.72205,2649.695356,0.065239776,0
56738.63732,3210.807048,0.056589428,0
68004.68622,2698.047781,0.039674439,0
44458.63729,1456.234944,0.032754826,0
66801.19751,288.6467693,0.004320982,0
48991.85368,7453.264268,0.152132726,1
69430.93662,2648.220452,0.038141794,0
27989.1111,1770.818279,0.063268114,0
67675.80477,4396.076877,0.064957881,0
47985.72247,8801.610127,0.183421436,1
43388.20947,7007.154253,0.161499042,0
63182.45567,3493.224567,0.055287889,0
20568.89131,2257.064782,0.109731961,0
25833.71723,3716.254685,0.143852882,1
23087.3014,423.4183995,0.018339883,0
36124.71783,6485.05748,0.179518564,1
57330.61941,1058.039202,0.018455046,0
47240.25312,4286.345614,0.090735026,0
55730.62923,9286.357545,0.166629332,0
61660.40132,1684.526564,0.027319423,0
49746.88744,7354.129523,0.147830948,1
23973.68759,95.46072238,0.003981896,0
28085.4796,4431.280471,0.157778344,0
33585.47474,3933.883012,0.117130487,0
44179.3851,5888.375781,0.133283335,0
56025.41973,4341.626699,0.077493872,0
49369.70415,109.3796228,0.002215521,0
26889.36474,675.7120311,0.025129342,0
30873.21764,4076.87675,0.132052214,0
30608.94324,2632.551811,0.086005969,0
54878.08965,1504.473462,0.027414829,0
32423.80685,2961.952368,0.09135116,0
46608.36902,1521.868405,0.032652256,0
65689.1897,255.072656,0.003883023,0
49054.86027,1102.240361,0.022469544,0
20310.57756,1279.113098,0.062977682,0
66423.39933,1066.214601,0.016051792,0
45783.15475,7492.90982,0.163660846,0
62887.76267,6849.484223,0.108916011,0
51088.21078,9097.112036,0.178066757,0
66217.94485,745.0760945,0.011251876,0
62799.75061,6752.586071,0.107525683,0
45789.48752,4545.157459,0.099262029,0
59727.40599,5203.325181,0.087117883,0
35513.58955,6983.360741,0.196639113,0
29178.97759,1664.386062,0.057040589,0
67501.69225,7589.75999,0.11243807,0
66255.02953,7475.212282,0.112824828,0
63558.86409,9282.927735,0.146052449,0
63441.71236,3119.412678,0.049169743,0
64983.15424,9109.774342,0.140186706,1
56946.64594,11175.84107,0.196251085,0
52349.87246,5181.848501,0.098984931,0
31473.45878,797.3459721,0.025333916,0
59267.3392,5085.311919,0.085802939,0
66809.17325,1316.187128,0.019700695,0
48083.31155,9193.095264,0.191190976,0
20629.3473,3310.410118,0.160470909,1
25363.33106,3946.001447,0.155578991,1
28873.67417,2224.469765,0.077041451,0
41430.85526,5719.278116,0.138043931,1
53612.13123,5976.896568,0.111484032,0
51555.74026,9217.688669,0.178790735,0
46564.3789,599.830324,0.012881742,0
61200.42748,406.8518612,0.00664786,0
29307.32077,481.8426971,0.016441035,0
67687.18308,10506.32803,0.155218869,1
52565.06574,372.9742533,0.007095478,0
52920.14801,9521.769942,0.179927122,1
34981.36783,5502.736031,0.15730477,1
65210.8371,12607.95166,0.193341356,1
60016.07961,2857.007414,0.047604033,0
23066.96468,1933.353568,0.083814823,0
52603.87864,2043.089553,0.038839143,0
20111.36326,1745.371922,0.086785361,0
32759.70028,5211.32563,0.159077329,0
30578.02016,3010.35024,0.098448174,0
21211.58939,931.7810522,0.043927922,0
53746.32658,9534.660206,0.177401151,1
45214.10922,1779.727735,0.03936222,0
58465.0497,11417.06009,0.195280089,1
54422.97349,444.6137769,0.008169597,0
62842.06439,107.5972315,0.001712185,0
53005.13229,2539.336749,0.047907375,0
40749.02818,6207.186165,0.15232722,1
49804.41083,7235.194717,0.145272168,1
37277.24612,6289.256076,0.168715684,1
46883.20654,6342.567909,0.135284431,1
31763.3692,3489.404122,0.109856234,0
61013.18158,1791.542962,0.029363212,0
41285.3589,532.1002558,0.012888352,0
39133.89186,433.4584179,0.011076292,0
62171.80256,1035.462496,0.016654857,0
53638.64595,109.4788536,0.002041044,0
49264.58489,3051.574267,0.061942555,0
63114.49699,11890.75719,0.188399778,0
58165.50622,4155.723767,0.071446533,0
43029.80326,6894.165381,0.16021838,1
21593.62266,458.0937244,0.021214306,0
49104.76824,9452.217947,0.192490837,0
65776.23241,2805.863745,0.042657715,0
36192.14945,7236.17393,0.199937667,1
62165.86119,4739.948954,0.076246816,0
50793.35572,421.6403796,0.008301093,0
62422.20379,2841.633423,0.045522799,0
63166.99496,4058.789534,0.064254909,0
23717.56785,1530.090242,0.064512949,0
66797.66467,11921.19954,0.17846731,1
30272.20362,1440.072549,0.047570787,0
55741.19569,3181.780519,0.057081311,0
30742.57971,5685.653641,0.184943934,1
20491.56433,1579.168249,0.077064309,0
35620.41863,3611.295903,0.101382747,0
50206.13372,5826.462898,0.116050818,0
67935.45387,8267.326053,0.121693837,0
59223.3966,3901.402085,0.065876027,0
32657.26868,1796.270503,0.055003697,0
55931.65458,4053.519938,0.072472734,0
23694.77887,764.29719,0.032255933,0
44324.28637,2672.692026,0.060298591,0
34735.49175,1402.217854,0.040368447,0
67064.34474,1091.624816,0.016277276,0
42761.49268,610.6578471,0.014280555,0
49517.72233,7337.950431,0.148188367,1
54372.18266,839.1250812,0.015432985,0
29941.96837,3170.045654,0.105872988,0
68414.12078,6154.052457,0.089952957,0
23891.24457,3475.905423,0.145488671,0
47187.57155,7933.469449,0.16812625,1
39819.92094,3577.44769,0.089840653,0
50632.27924,1262.356066,0.024931844,0
39970.21125,7867.616836,0.196837009,0
55176.1396,7822.936091,0.141781142,0
50533.57195,117.7125869,0.002329394,0
52983.87446,5567.941087,0.105087466,0
31187.66993,593.1247798,0.019017925,0
34909.98223,2852.371795,0.081706481,0
53810.84766,9154.477015,0.170123263,0
55478.96737,6227.541774,0.112250499,0
60394.09487,8293.576747,0.137324299,0
36845.73868,1790.013566,0.048581291,0
60264.94065,2241.388144,0.03719224,0
52981.5086,3759.937234,0.070966972,0
50222.76242,8734.740617,0.173919956,1
59256.55596,9812.978717,0.16560157,0
43203.41422,7730.727575,0.178937885,0
46288.75641,6053.791581,0.130783198,1
58176.15493,9852.14111,0.169350159,0
25631.43473,4778.700543,0.186439058,0
58977.99765,9442.01161,0.160093797,1
25048.01599,2341.367858,0.093475182,0
33436.48901,5473.985551,0.163712929,1
23787.36705,3041.552908,0.127864211,0
69456.56777,13190.36589,0.189908115,0
65447.61161,3269.534327,0.049956511,0
68743.35318,2290.204289,0.033315283,0
36052.5776,2830.179862,0.078501457,0
24820.79247,51.94924278,0.002092973,0
26046.38417,4669.457353,0.179274686,0
60850.80244,7206.852593,0.1184348,0
69929.011,12427.8357,0.177720742,0
53298.49615,2106.709791,0.039526627,0
48818.38232,2312.421777,0.047367849,0
38042.08416,3495.856306,0.091894448,0
42119.82271,1930.566532,0.045835106,0
62247.87974,1870.715089,0.030052672,0
62252.08816,1699.680972,0.027303196,0
36973.08569,4144.448144,0.11209365,0
54217.23678,8836.775689,0.162988308,1
44218.76632,1693.920179,0.038307721,0
33274.05027,2244.883109,0.067466482,0
54656.54904,9911.134963,0.181334811,1
67593.51708,9864.078027,0.145932309,1
39472.70725,596.4811795,0.015111231,0
30572.44686,1847.09425,0.060416958,0
50447.69963,2443.768915,0.048441632,0
49198.65266,483.6201677,0.009829947,0
53768.22821,3696.953244,0.068757208,0
52809.54629,6276.830737,0.11885788,0
38011.72665,4625.193378,0.121678066,1
58910.29177,3671.923094,0.062330757,0
57914.73107,6715.857908,0.115961134,0
39494.76692,3544.156039,0.089737358,0
45918.87525,1910.329531,0.041602272,0
55649.05588,7660.346171,0.137654558,1
27136.6288,2253.190253,0.083031325,0
62724.63612,9255.137755,0.147551876,0
32921.84858,2553.212778,0.077553749,0
28482.64955,329.4500422,0.011566692,0
44170.22174,2168.751735,0.049099861,0
60664.3716,5873.410979,0.096818129,0
64501.93043,12147.31422,0.188324817,1
28237.51739,2728.189944,0.096615786,0
67420.59545,3668.994784,0.054419495,0
55642.99339,2841.697982,0.051070185,0
56086.05809,3990.85076,0.071155843,0
57676.73918,10504.66817,0.182130063,1
62535.63285,9490.26419,0.151757706,0
60686.76857,10614.13095,0.174900249,0
25032.30094,680.9047822,0.027201047,0
22228.34529,2187.213337,0.098397488,0
41435.15375,3702.171428,0.089348563,0
43955.4094,7833.477761,0.178214192,0
60063.69309,6766.294181,0.112651984,0
34635.74475,4859.235287,0.140295389,1
63944.32373,12213.94934,0.191009125,1
35403.42733,2929.359704,0.082742263,0
53654.07937,6587.775556,0.12278238,0
23508.23073,4622.841065,0.196647766,0
61869.46603,1040.493673,0.016817563,0
20674.89708,299.8251378,0.014501893,0
22127.92411,1777.828551,0.080343214,0
27408.72961,2591.028947,0.094532982,0
60720.7961,3278.179727,0.053987759,0
34760.01932,28.88253444,0.000830912,0
23057.36392,2487.165182,0.107868583,0
42380.99506,6832.684817,0.161220491,0
37887.54939,5061.777831,0.133600033,1
39988.74074,357.0881242,0.008929717,0
25026.50564,3845.741849,0.153666753,0
43588.08143,6453.057979,0.148046387,0
20897.42669,2940.42397,0.140707467,1
24904.62467,3376.907465,0.13559359,0
66068.63504,5626.86934,0.085167029,0
36126.23109,3805.802721,0.10534735,0
23626.72679,2173.76769,0.092004606,0
30200.24326,4871.677576,0.161312528,0
65569.78524,12494.26726,0.190549156,0
20617.26101,2224.068134,0.107874083,0
25817.45462,3682.861931,0.142650079,1
21448.82799,1989.182976,0.09274087,0
69370.17764,4605.918773,0.066396237,0
34145.79955,4074.952591,0.119339791,0
52651.25686,6529.019522,0.124005008,0
40069.33838,3646.051618,0.090993557,0
39246.54489,919.11464,0.023418995,0
56233.78954,9642.092538,0.171464392,0
49264.26833,801.779606,0.016275074,0
30451.63616,475.4205917,0.015612317,0
28726.9963,3675.833415,0.127957458,1
20113.25349,2507.64971,0.124676483,1
43434.77543,3672.109828,0.084543083,0
59208.71608,11479.43781,0.193880877,1
69310.95727,1590.325804,0.022944796,0
60567.42444,571.9329349,0.009442913,0
22048.89504,4199.024356,0.190441487,0
66733.71025,5366.640793,0.080418738,0
22209.00951,4096.783714,0.184464945,1
49032.66241,1777.953131,0.036260587,0
26558.36106,22.32793318,0.000840712,0
49255.45797,4951.915771,0.100535372,0
30218.15123,5914.516662,0.195727284,0
56317.08282,8045.440953,0.142859689,1
53825.43058,431.4501612,0.008015731,0
34927.99361,1957.057929,0.056031215,0
53287.38502,4432.665444,0.083184143,0
32032.55674,4582.938274,0.143071261,0
48405.72681,3766.614435,0.077813405,0
46132.91405,3216.491255,0.069722265,0
29049.07149,2562.695554,0.088219534,0
68550.68786,3879.672652,0.056595678,0
47474.8196,5083.728272,0.107082624,0
50021.65541,1054.268085,0.021076233,0
64089.13191,6272.78845,0.097876009,0
28451.70557,1042.850376,0.036653352,0
58132.47127,5491.035602,0.094457288,0
30961.16614,162.7955961,0.005258058,0
64162.64961,6938.01252,0.10813164,0
67470.11702,12715.29472,0.188458169,0
68263.76624,4124.330404,0.060417563,0
42889.33416,6340.708855,0.147838827,0
20155.79236,3489.957148,0.173149092,0
58178.61457,10948.49949,0.188187697,0
45735.45569,2944.537354,0.06438194,0
30037.20313,1247.012791,0.041515609,0
64392.51221,4513.243712,0.070089573,0
26291.3758,1094.177529,0.041617355,0
36008.381,3709.304431,0.103012252,0
54953.97966,365.6461852,0.00665368,0
28753.32549,4990.369091,0.17355798,0
41993.98432,6644.344214,0.158221334,0
56696.4586,9686.630307,0.170850712,0
51906.04616,10235.27261,0.197188447,0
30939.39338,6115.822333,0.197671049,0
38520.72397,4176.949955,0.108433838,0
33489.03986,3581.655047,0.106950067,0
52836.00643,5671.644328,0.107344304,0
51733.28751,7906.141179,0.152825029,1
41273.7715,3299.885072,0.07995114,0
68223.68431,7364.001945,0.107939083,0
28222.87891,613.2406201,0.021728493,0
21921.36108,1901.143922,0.086725633,0
38852.93302,7513.182864,0.193374921,1
59621.36764,7014.622708,0.117652831,0
41377.7456,5324.048185,0.128669363,0
54405.62497,6253.206677,0.114936768,0
60103.01157,2632.265613,0.043795902,0
67528.65421,7877.415131,0.116652926,0
61156.93738,3250.006084,0.053142067,0
42955.6946,2962.825186,0.068973979,0
46923.04677,3107.883782,0.066233631,0
24951.25749,2544.356003,0.101973057,0
26267.52942,59.46916335,0.00226398,0
64603.92088,11264.69116,0.174365441,1
34667.0204,2827.289402,0.081555593,0
66008.39707,9189.611514,0.139218826,1
45840.20762,5299.239719,0.115602437,0
32188.01624,4659.953325,0.144772927,0
50289.66475,6127.381688,0.121841768,1
36837.53085,1598.183569,0.043384655,0
28852.03381,5705.986163,0.197767208,0
68127.16681,12099.9703,0.177608594,0
41349.12251,8083.232201,0.195487394,0
69132.46258,7621.410219,0.110243581,0
38477.3256,289.576582,0.007525902,0
68291.15365,9577.955143,0.14025177,0
58074.60654,8551.259893,0.14724611,0
26867.10826,1730.151907,0.064396655,0
32348.45015,3229.820063,0.099844662,0
31044.39176,4465.872769,0.143854414,0
29279.74979,2291.988119,0.078278952,0
35145.10019,510.7399689,0.014532324,0
44405.28066,3917.876098,0.088229959,0
42059.6369,5310.271529,0.126255763,0
28612.20306,4948.48807,0.172950264,0
46546.70455,254.8435786,0.005475008,0
22832.32393,3318.407787,0.145338153,1
21565.92154,4136.761126,0.191819353,0
26078.21358,3665.880899,0.140572547,1
60503.54785,6766.53302,0.111836963,0
31233.30776,1662.453616,0.053226947,0
34505.80093,2151.696592,0.062357532,0
35485.11827,2482.04225,0.069946005,0
45986.3534,7112.926157,0.154674716,1
43308.17898,6777.198246,0.156487721,1
53284.11968,849.5451843,0.015943684,0
68398.28748,8106.859293,0.118524302,0
64743.70707,4304.929109,0.066491854,0
68412.60985,551.8430811,0.008066394,0
59695.10715,8889.928408,0.148922229,1
32406.57073,3394.65824,0.104752159,0
33184.19598,4580.097831,0.138020455,0
47688.25057,1377.018407,0.028875423,0
42591.59524,4602.245841,0.108055259,0
34051.52804,6224.152886,0.182786302,0
61800.03438,9143.611709,0.1479548,1
45360.71627,4569.994987,0.100747858,0
20252.12346,3360.059414,0.165911462,1
30134.7096,958.9980819,0.031823704,0
56217.3265,2866.5859,0.050991146,0
31722.73095,2877.756104,0.0907159,0
60178.44619,3203.615438,0.053235263,0
51144.24305,3411.656424,0.066706558,0
22449.07739,1187.42695,0.052894243,0
44932.87511,622.9128105,0.013863186,0
40929.48394,2352.287116,0.057471702,0
31092.26772,5617.993126,0.18068779,0
44743.55163,2574.707756,0.057543661,0
60770.22902,2242.82576,0.036906653,0
43528.48431,2264.725152,0.052028578,0
25008.94953,2941.028155,0.117599028,0
47433.41542,9139.14371,0.192673111,0
50064.34637,417.6331058,0.008341927,0
60348.41356,3037.968147,0.050340481,0
67471.1271,4448.412323,0.065930606,0
30492.87567,4834.738644,0.158553057,0
25640.07888,3105.443021,0.12111675,1
55040.75817,8352.061533,0.151743214,0
34476.70638,898.1339068,0.026050456,0
23345.86645,4548.110289,0.194814371,0
24426.02987,823.835162,0.033727755,0
65849.88967,5051.302388,0.076709352,0
60454.52565,7875.070926,0.130264374,0
22680.31843,1743.774685,0.07688493,0
44471.87373,5883.660558,0.132300712,1
46572.32,721.3416051,0.015488634,0
24369.84125,1366.536025,0.056074884,0
56830.27286,10462.74045,0.184105054,0
46942.99652,2187.065484,0.046589814,0
42521.79071,6745.817708,0.158643782,0
63188.32853,3960.855647,0.062683343,0
29410.17752,812.3235343,0.027620491,0
46668.62847,1833.48585,0.039287331,0
62693.26958,5321.712558,0.08488491,0
65307.12748,1906.79553,0.029197357,0
59589.06429,4191.715856,0.07034371,0
41019.54879,3005.826864,0.073277911,0
48058.87138,6527.990222,0.135833199,0
50208.53002,729.6044303,0.014531484,0
62526.88793,5835.542391,0.093328528,0
48192.18561,5026.474557,0.104300614,0
30884.05673,4099.902045,0.132751409,1
36965.74248,6333.391588,0.171331378,0
43536.03891,6427.726093,0.1476415,1
69181.66406,1173.740942,0.01696607,0
64233.0407,12104.53421,0.188447162,1
52593.51506,811.9078625,0.015437414,0
32282.25175,3345.941958,0.103646486,0
54077.84328,7149.066896,0.132199556,0
51595.35748,385.4033625,0.007469729,0
23097.37648,4517.579801,0.195588439,0
27407.0562,2949.931674,0.107634021,0
64395.29807,10054.63464,0.156139267,0
60432.21666,6300.868939,0.104263409,0
42990.98283,4665.581021,0.108524642,0
41581.88992,7895.112865,0.189869024,1
53289.06529,8047.140754,0.151009231,0
22372.50524,1118.926064,0.050013445,0
57119.73969,10211.72193,0.178777459,1
31112.05942,424.3521316,0.013639474,0
68936.32135,11073.1585,0.160628799,0
20436.33129,2356.18197,0.115293784,0
20583.61217,53.18620734,0.00258391,0
58988.3058,4728.259542,0.08015588,0
45311.83184,3103.812228,0.068498935,0
60856.83099,10238.4963,0.168239064,0
45818.28325,8137.164403,0.177596449,0
20904.55548,2606.023776,0.124662961,0
49908.29187,2903.036128,0.058167411,0
55988.29528,7745.754809,0.138345966,1
62125.25811,5700.457195,0.091757481,0
48822.72096,599.347887,0.012276003,0
29976.8291,3796.03274,0.126632231,0
41944.26819,1203.700529,0.028697617,0
36970.36044,1268.506383,0.034311442,0
39992.71911,4999.202015,0.125002804,1
42450.54304,6210.280587,0.146294491,0
42146.93762,7367.258247,0.174799372,1
52841.51644,5957.386324,0.112740639,0
66418.95631,9340.544462,0.140630702,0
44047.66656,2096.917501,0.047605643,0
24821.21413,874.3242555,0.035224879,0
35583.61854,27.25248225,0.000765872,0
25289.60724,2130.793535,0.084255699,0
39770.12866,280.8785474,0.007062551,0
59511.1387,2520.514452,0.042353659,0
51211.65404,4093.360006,0.079930244,0
56530.49727,5957.993317,0.10539432,0
42604.46298,7942.168145,0.186416342,0
66642.00775,4958.067776,0.074398535,0
35527.83449,325.1195915,0.009151123,0
66896.76531,387.3944203,0.005790929,0
51980.35954,6243.04503,0.120103922,0
40081.42056,770.7775496,0.019230295,0
50167.67175,5592.651807,0.111479198,0
39545.95959,5787.658045,0.146352702,0
43372.39761,474.5253267,0.010940722,0
33084.16985,5762.469958,0.174176048,0
53187.97965,4879.846139,0.091747161,0
48290.88046,4902.975221,0.101530044,0
66078.76935,3664.621452,0.055458379,0
51547.16666,6563.41158,0.12732827,0
39393.14058,5415.054667,0.137461867,0
69592.01083,13025.05657,0.187163101,0
54588.50119,2847.819173,0.052168847,0
44964.0106,693.2147138,0.015417101,0
46081.64555,1487.786041,0.032285871,0
45564.01535,715.8366044,0.015710569,0
62657.60254,5771.088254,0.092105156,0
67921.63211,1399.875472,0.020610157,0
59514.01238,2504.722649,0.042086268,0
48422.53611,3520.565901,0.072705112,0
22001.31745,2155.812173,0.097985595,0
52529.69877,9808.19094,0.18671706,1
24061.46316,3980.578783,0.165433779,1
23450.87213,1419.805523,0.060543826,0
32866.57824,6037.007733,0.183682271,0
30958.90796,1558.930765,0.050354837,0
27550.89527,3944.219318,0.143161203,1
36024.93789,4155.44929,0.115349242,0
46801.27429,5315.97382,0.113586091,0
27082.71898,4990.557123,0.184270904,0
65435.03538,12727.99755,0.194513497,1
59295.74108,493.7144299,0.008326305,0
45435.26724,2143.386972,0.047174521,0
61742.60958,326.9895676,0.005296011,0
31396.86601,3719.230135,0.118458643,0
35916.70415,6401.189486,0.178223187,0
43969.60416,7455.920157,0.169569872,1
60624.81537,6740.716136,0.111187409,0
69939.32968,2225.224533,0.031816498,0
69755.32016,13766.05124,0.197347689,0
69478.39876,10229.40788,0.147231486,1
34192.16052,5233.663228,0.153066175,1
57457.85794,3608.805202,0.062807862,0
63910.33466,8986.718948,0.140614487,0
26643.80899,1413.783224,0.053062354,0
23985.07542,2284.209129,0.095234603,0
63660.64881,7832.572411,0.123036327,0
44102.33009,842.5690773,0.019104865,0
29409.8059,3388.560923,0.115218745,0
49294.65931,4574.85478,0.092806297,0
39553.64738,7063.898036,0.178590307,0
68583.04105,2922.288685,0.042609494,0
31060.60626,3729.97465,0.120086988,0
29190.32462,5239.594773,0.179497653,0
63437.70015,11963.36422,0.188584457,0
35243.06323,748.9407179,0.021250727,0
36475.35353,413.3111631,0.011331245,0
63271.60883,11298.17219,0.178566223,1
45540.32552,1490.470251,0.032728581,0
68565.3855,1231.537368,0.017961503,0
20063.09958,2495.132991,0.124364283,1
44222.2622,7443.486707,0.168319899,0
67839.24446,5609.326602,0.08268557,0
54009.69228,884.7355047,0.016381051,0
52234.07535,9255.842934,0.177199326,0
28423.13147,5282.849182,0.185864432,0
52623.43759,1156.319703,0.021973473,0
25636.33357,1239.688258,0.048356691,0
60842.94116,6608.968795,0.108623427,0
36727.746,7287.540764,0.198420583,0
63830.74744,5271.626982,0.08258758,0
43108.41456,647.8793786,0.01502907,0
25285.26113,1027.577792,0.040639398,0
57646.24291,1452.493378,0.02519667,0
51027.56761,3313.30041,0.064931577,0
37389.77238,7365.938916,0.197004112,1
65017.59349,1017.166545,0.015644482,0
20595.93458,1330.067638,0.064579135,0
56445.47391,6875.579683,0.121809229,0
60864.32175,3704.032126,0.060857199,0
51231.01043,813.0279887,0.015869841,0
41103.13692,3644.301903,0.088662379,0
56267.05082,8238.115021,0.146410997,0
20774.84582,1347.331612,0.064853988,0
46424.22123,4087.180707,0.088039833,0
29909.554,4495.278753,0.150295747,0
62808.50507,6465.75059,0.10294387,0
41243.80514,4161.573148,0.100901775,0
46089.14789,1618.218357,0.035110616,0
69191.23338,6270.574035,0.090626713,0
60846.66501,8974.492021,0.147493573,1
66558.93437,3090.992455,0.046439933,0
27428.28187,1287.632081,0.046945415,0
60912.79896,3870.333893,0.063538927,0
28127.50945,3279.557824,0.116596097,0
64029.54348,1644.339177,0.025680945,0
61836.73562,10971.97464,0.177434571,1
37005.07185,1068.887398,0.028884889,0
56003.5734,3639.900038,0.064994068,0
58038.92625,538.2305227,0.009273613,0
29237.2562,23.91642787,0.000818012,0
33265.79055,5968.442038,0.17941681,1
66236.92716,2756.9723,0.04162289,0
41978.7125,1603.924862,0.038208053,0
63453.22313,10668.36351,0.168129576,1
24985.59066,2017.139948,0.08073213,0
53593.1132,1428.189214,0.026648745,0
54179.72187,10028.01586,0.185087991,0
20126.41377,1432.355862,0.071167963,0
51180.83971,2875.44523,0.056182064,0
36455.70151,3437.076895,0.094280915,0
39188.94529,3545.162249,0.090463324,0
47852.9269,3295.320061,0.068863501,0
20014.48947,2426.306223,0.121227485,0
28630.00951,4406.995056,0.153929221,1
66688.91312,9690.308798,0.145306144,0
53226.19441,5686.643116,0.106839183,0
35609.47835,2574.093432,0.072286749,0
64065.68286,771.7174942,0.012045723,0
54935.65838,7921.83051,0.144201976,0
67800.58133,5035.139378,0.074263956,0
46893.33671,9131.864419,0.19473693,0
54648.96698,10674.77021,0.195333431,0
31410.50729,5797.292398,0.184565386,0
36989.58954,556.5559407,0.015046286,0
33198.12828,4285.386912,0.129085196,1
47704.38083,2717.079485,0.056956603,0
30569.5727,4752.557572,0.155466928,0
61398.68707,9008.154521,0.146715752,0
67750.82599,6855.986311,0.101194136,0
47637.86203,6708.673591,0.140826504,0
38357.51752,2548.413916,0.066438448,0
43156.30527,2413.011907,0.055913311,0
41101.54295,5240.114373,0.127491914,0
59475.49718,2628.262124,0.044190671,0
40708.91941,5532.343843,0.135900042,1
30391.4733,2072.634066,0.068197881,0
46024.14456,4318.377722,0.093828528,0
66529.48522,6337.674939,0.095261145,0
68115.98033,7458.559482,0.109497939,0
38423.08429,3676.568354,0.095686445,0
33227.28018,6470.410381,0.194731869,1
61674.45723,4054.551771,0.065741183,0
26931.06825,3668.646773,0.136223589,0
60040.99384,2659.694541,0.044297977,0
26181.24241,2618.973497,0.100032438,0
61552.21751,4042.539734,0.06567659,0
29705.07473,1912.205091,0.064373011,0
53934.81227,2085.817639,0.038672938,0
23007.38788,2296.795327,0.0998286,0
48552.84341,5650.889688,0.11638638,0
66370.88876,5176.361161,0.07799144,0
49140.26986,8832.651707,0.179743655,0
39684.9818,2590.928175,0.065287372,0
32025.40445,217.488528,0.006791125,0
55568.17946,6114.867546,0.110042611,0
45898.51352,5617.178645,0.122382583,1
39217.90992,864.6240529,0.022046663,0
34070.604,1401.685061,0.041140599,0
66768.36121,4255.367636,0.063733295,0
31400.85843,4464.404268,0.142174593,0
49335.75726,2549.620474,0.051678957,0
51774.05251,1508.761776,0.029141273,0
43064.64735,787.0471897,0.018275946,0
41226.13468,2155.660059,0.052288677,0
43044.51778,1661.71346,0.038604532,0
33546.29204,5347.295507,0.159400494,0
69209.33087,6284.833573,0.09080905,0
32291.54455,277.3875685,0.008590099,0
66274.0729,11576.54224,0.174676789,1
34102.7912,1269.254575,0.037218495,0
21144.56287,703.363923,0.033264529,0
41049.97459,5890.113644,0.143486414,0
36351.27773,6619.832683,0.18210729,1
63144.45921,812.5725496,0.01286847,0
32086.91354,6362.390354,0.198286144,1
28873.16732,992.5777177,0.034377168,0
65359.29615,7707.240563,0.117921107,0
49064.28847,5636.35344,0.114876902,0
23763.06056,2950.314863,0.124155508,0
51845.94256,8750.832088,0.168785283,0
67035.32642,11276.62254,0.168219104,0
49240.7625,8004.35984,0.162555562,0
36132.32759,3009.39734,0.083288223,0
67006.80649,3692.169172,0.055101405,0
39453.64561,436.9352469,0.011074648,0
52205.60706,1135.152226,0.021743876,0
46319.4168,1523.072058,0.032881935,0
29398.72742,4673.766198,0.158978521,0
31135.60771,2457.91369,0.07894221,0
65603.81676,11775.35458,0.179491913,1
41362.50837,607.965612,0.014698471,0
60302.559,6509.698608,0.10795062,0
54468.27921,68.62545627,0.001259916,0
47683.71578,4752.287877,0.0996627,0
38160.1165,3429.901579,0.089881842,0
22925.81208,2547.279742,0.111109684,0
64087.85881,722.5195892,0.011273892,0
65824.51566,2643.106432,0.04015383,0
53451.93154,10529.72349,0.196994256,0
36455.48471,2464.162321,0.067593734,0
39573.34144,5785.884275,0.146206614,1
41052.36578,4652.951748,0.113341866,0
37895.18173,6071.340205,0.160214041,0
44827.23377,2639.916846,0.058890916,0
28341.08677,2248.242914,0.079328042,0
56887.2028,10969.59669,0.192830657,0
25146.59568,2890.652793,0.114952053,0
54739.16452,7218.968224,0.131879401,1
30497.20451,4573.59409,0.14996765,1
25358.89794,2220.2256,0.087552133,0
29993.5633,2749.585697,0.091672526,0
64675.77948,4628.603003,0.07156625,0
56256.03887,5452.244532,0.096918387,0
31702.3343,3587.722389,0.113169029,0
34113.11328,6360.154897,0.186443109,1
44666.01285,7548.444373,0.168997497,0
39421.36684,6111.961017,0.155041834,1
21683.19372,339.5922689,0.015661543,0
65697.59284,5644.653159,0.085918721,0
68657.7893,2427.949887,0.035363065,0
66981.413,6678.5628,0.099707703,0
45971.13349,4776.490486,0.103901952,0
42965.99275,8109.051409,0.188731853,0
50895.81034,5556.83987,0.109180694,0
46175.03194,1064.081875,0.023044529,0
44984.89912,4584.611816,0.101914463,0
66941.86486,12380.62471,0.184945919,1
31022.14485,6144.939436,0.198082353,0
46583.1996,6241.270508,0.133981147,1
56201.84143,8346.320922,0.148506183,0
31587.06486,2677.825713,0.084776022,0
40716.19089,2389.700759,0.058691658,0
64966.06564,11495.7311,0.176949781,1
68503.20589,3580.463677,0.052267097,0
33867.50226,5714.026374,0.168717088,1
54195.01517,6649.801459,0.122701349,0
50565.33709,693.1964169,0.013708925,0
57216.10102,3554.389365,0.062122188,0
29849.96714,3678.899676,0.123246356,0
29072.15179,1589.438432,0.054672198,0
29775.14222,3327.236235,0.111745436,0
46672.71314,1408.497717,0.030178184,0
66393.71115,9540.416626,0.143694583,0
29338.25645,5120.406797,0.174530031,1
67289.58568,13376.79771,0.198794473,1
45980.33434,5929.09803,0.128948563,1
34163.62565,6617.400172,0.193697245,0
52216.8158,6803.333393,0.130290085,1
62313.27763,925.7955921,0.014857116,0
49205.6371,3393.856589,0.068972922,0
65688.7315,3673.870415,0.055928473,0
43489.82845,6501.041226,0.149484177,0
40966.67453,2393.524149,0.058426127,0
37261.44712,2075.519822,0.055701536,0
58775.40389,5673.599822,0.096530172,0
39395.83041,7557.873338,0.191844499,0
21144.16215,987.7941458,0.04671711,0
33126.13272,4169.992872,0.125882273,0
30931.50602,1074.787904,0.034747351,0
31936.94201,4087.995048,0.128002081,0
38157.02968,5628.012004,0.147496072,0
21032.81869,4024.089367,0.191324303,1
50238.53247,2567.615154,0.051108482,0
67346.66246,6752.122458,0.100259199,0
33261.64602,586.6510962,0.017637464,0
53113.0361,10080.52438,0.189793789,0
42749.99032,4626.538637,0.108223151,0
42108.19992,1020.978164,0.02424654,0
61344.53221,7172.654332,0.116924102,0
54738.68229,6210.728279,0.113461414,0
69695.15045,8418.25316,0.120786785,1
62507.35478,6590.77723,0.105440028,0
61922.77464,1933.08292,0.031217641,0
58023.72377,2785.779563,0.048011044,0
27010.88377,2373.175255,0.087859963,0
21194.61617,1102.848094,0.052034351,0
68338.0974,12840.69671,0.187899535,1
67772.79368,5037.933861,0.074335638,0
67131.80269,2271.404537,0.033835,0
33159.21728,2135.532137,0.064402369,0
66087.08847,11039.28872,0.167041535,0
60362.34427,10306.70536,0.170747268,1
54609.46518,5618.20457,0.102879685,0
63637.28183,9955.225362,0.156436998,1
40918.5703,3813.699268,0.093202163,0
51486.13032,3955.113351,0.076819006,0
44896.25649,3787.639141,0.084364253,0
24877.68441,1546.422886,0.062161046,0
52263.3555,10161.94667,0.194437318,1
42775.52551,6145.987757,0.143680006,0
67064.01367,8945.289469,0.133384344,1
50307.94468,7207.941173,0.143276399,0
37432.68096,4445.502385,0.118759925,0
30084.15883,737.2537244,0.024506377,0
61427.41464,2163.312487,0.035217378,0
54718.85279,2883.284107,0.0526927,0
47923.57551,6931.716435,0.144641053,0
22880.7276,1909.215139,0.083442064,0
46118.5501,2728.311486,0.059158657,0
35082.38569,2918.477721,0.08318926,0
38387.32228,6453.507839,0.168115603,1
57413.57224,9421.298413,0.164095318,0
28198.09734,4370.793619,0.15500314,0
50117.85704,3599.068821,0.071812105,0
34876.33293,3102.347059,0.088952788,0
64126.49168,4956.941565,0.077299435,0
41916.69268,6106.109586,0.145672504,0
50052.29293,5589.328271,0.111669775,0
39158.91751,6887.738421,0.175891952,0
62219.03754,5831.521429,0.093725677,0
67151.31861,3941.698673,0.058698753,0
46166.16313,901.7531177,0.019532772,0
23881.78651,1190.630105,0.049855152,0
48445.11312,8733.442215,0.180274989,0
32441.65201,840.7142066,0.025914655,0
33820.18651,4342.178111,0.128390129,0
61812.90135,3124.312409,0.050544665,0
25347.57266,2188.503086,0.08633975,0
33965.52371,3123.898738,0.091972636,0
23641.70268,4203.50356,0.177800373,0
50660.90425,7511.003494,0.148260352,0
44037.24398,5269.518403,0.119660495,0
51657.12396,609.3508858,0.011796067,0
46573.24438,5533.292189,0.11880839,0
26922.46222,3950.00079,0.146717665,0
48414.25154,2105.709505,0.043493588,0
43974.84053,8371.493105,0.190370062,0
65913.83201,12972.41836,0.196808742,1
64715.99897,11173.80845,0.172659136,0
25481.98791,4005.816148,0.15720187,0
54170.53261,1048.932372,0.019363523,0
51653.70474,1853.419156,0.035881631,0
66054.50623,10321.0987,0.156251243,0
60019.44714,6978.347128,0.116268101,0
31523.95286,5697.021469,0.180720403,0
65660.94854,93.15264188,0.001418692,0
61893.48364,6038.162662,0.097557324,0
49230.09821,8375.729867,0.170134332,0
38337.82947,5691.09349,0.148445897,0
64016.43339,10048.39421,0.156965855,0
46308.64516,6815.485141,0.147175222,0
66209.14427,7134.656119,0.107759377,0
47770.71142,5366.868793,0.112346428,0
29856.48632,4731.816864,0.15848539,1
21451.49729,1719.038044,0.08013604,0
59673.17045,7533.679839,0.126249029,0
47481.42964,9402.876118,0.198032709,1
36219.77291,4280.794199,0.118189427,0
59458.70434,1513.327637,0.025451743,0
67010.84098,11646.91061,0.173806364,0
58693.41942,4033.153519,0.0687156,0
43041.04139,2245.505278,0.052171258,0
31920.41272,217.1879621,0.006804046,0
32771.12541,1853.68197,0.056564489,0
55487.14713,178.6924716,0.00322043,0
68406.80717,2491.460861,0.036421242,0
37277.12306,4242.640648,0.113813522,0
39762.52658,3809.347155,0.095802442,0
41674.24314,3203.204656,0.076862935,0
25789.74203,4442.33178,0.172251889,0
24575.05989,1667.748767,0.067863467,0
58082.3601,9175.667318,0.157976833,0
67881.8805,10503.57125,0.154733062,0
50115.0549,3447.002152,0.068781769,0
40443.20363,1857.252327,0.045922483,0
65824.83738,154.9456163,0.002353908,0
51199.86984,4064.818093,0.07939118,0
67032.28946,5487.820266,0.08186831,0
42205.6829,2444.737196,0.057924361,0
37730.36211,5273.559352,0.139769646,0
47398.31104,9041.878835,0.190763735,0
48933.20969,5071.371891,0.103638652,0
53078.85583,10566.35387,0.199068983,0
53236.993,703.6021978,0.013216415,0
58121.95469,5161.107409,0.088797898,0
57261.15139,2527.755923,0.044144343,0
52102.5909,8799.819842,0.168894093,1
45165.92595,5534.550798,0.12253819,0
58809.29247,5470.587846,0.093022507,0
36598.34047,6849.29481,0.187147688,0
62096.28261,8034.747774,0.129391768,1
68114.07098,4325.099268,0.063497882,0
67978.46685,7382.502551,0.108600604,0
26615.5243,3458.193614,0.129931448,0
51254.37001,8747.208629,0.170662689,0
34428.97264,6016.615091,0.174754418,1
60974.58714,6165.65882,0.1011185,0
63330.73455,5170.899852,0.081649137,0
58168.47407,2935.367657,0.050463205,0
59579.60921,2319.362857,0.038928803,0
52219.8955,6560.469542,0.12563161,0
28700.87259,5090.310491,0.177357343,1
27193.74305,4518.858351,0.166172724,1
67417.571,6478.402532,0.096093681,0
57341.43277,784.8948568,0.013688093,0
64056.53612,5982.805039,0.093398822,0
66370.69351,5906.034309,0.088985575,0
45045.43165,8489.405985,0.188463195,0
58609.13148,4270.532996,0.072864635,0
53289.06797,7395.513416,0.138781061,1
60309.32883,2343.073833,0.038850935,0
45139.48639,1743.691464,0.038628961,0
22815.64061,2749.079844,0.120491021,0
45215.01469,383.8501673,0.00848944,0
40568.07518,5990.318608,0.147660903,0
43721.25181,5923.392464,0.135480852,0
38129.75487,3964.729278,0.103979931,0
22547.96164,2957.295712,0.13115579,0
57468.05944,8452.955624,0.14708963,0
25534.67352,1084.966942,0.042489948,0
26325.50339,3336.131472,0.126726218,0
65913.83084,11738.91571,0.178094879,0
67119.13596,2725.240313,0.04060303,0
62020.46813,114.2098881,0.001841487,0
37965.84934,299.0547059,0.00787694,0
62114.85602,12115.89231,0.195056273,1
36871.06176,792.7110544,0.021499545,0
65030.90935,2231.976166,0.034321774,0
23193.6046,548.5961163,0.023652905,0
59568.62432,7685.326744,0.129016354,0
50527.58417,5639.245689,0.111607269,0
60776.11021,10382.43968,0.170830934,1
61632.28271,3028.591328,0.049139691,0
45930.45265,7765.252827,0.169065454,0
25857.76559,1810.232339,0.070007299,0
55093.92123,6485.30159,0.11771356,0
42301.33448,1480.61489,0.035001612,0
51903.53425,8807.867971,0.169696883,0
64398.14616,1674.905633,0.0260086,0
41089.51083,997.1841685,0.024268582,0
36727.5509,794.5568182,0.021633809,0
38163.39454,454.3076768,0.011904278,0
35949.89641,3680.177028,0.102369614,0
44979.80219,6045.089487,0.134395644,1
48211.58184,2606.124698,0.054055988,0
28267.08995,965.3732272,0.034151843,0
33816.22334,5265.743252,0.15571648,0
33078.99598,6278.316279,0.189797667,0
36019.8172,2987.962123,0.082953284,0
34238.53029,6002.93511,0.175326892,0
62064.52068,2972.381023,0.047891791,0
44867.61524,366.1011044,0.008159585,0
37162.88822,3110.531147,0.08369993,0
65680.94802,8838.231305,0.13456309,0
58772.85748,7048.005343,0.119919392,0
32435.24811,5685.405228,0.175284777,0
58028.2132,5753.895027,0.099156853,0
60595.27533,4534.490222,0.074832406,0
36565.80389,1888.334736,0.051642095,0
20742.69697,2295.818094,0.11068079,0
46666.63801,7677.823856,0.164524898,1
32203.56694,838.0214411,0.026022628,0
36535.31539,271.7251877,0.00743733,0
28163.29507,2121.151956,0.075316186,0
39019.35774,3196.559769,0.081922409,0
24709.08325,1915.385594,0.077517469,0
43052.96856,488.9372735,0.011356645,0
25003.91611,2183.713426,0.087334857,0
46696.89266,4732.498144,0.101345033,0
50112.4622,5067.032925,0.10111323,0
43265.90032,6194.07205,0.143162907,0
67802.69446,13443.47318,0.198273436,0
55408.70595,10300.28125,0.185896441,0
67048.893,10839.91376,0.161671778,0
40262.59764,6535.85195,0.162330608,0
46427.49918,5671.45056,0.122157141,0
46911.1971,4263.853588,0.090892023,0
57359.55243,10011.41068,0.17453781,1
34569.30464,6254.527617,0.180927204,0
52797.40104,1080.42349,0.020463573,0
56630.39526,8442.891373,0.149087629,0
45245.73975,1974.009904,0.043628636,0
20803.61454,758.4348491,0.036456879,0
57717.60679,3153.222829,0.054631905,0
20647.88765,725.4568686,0.035134677,0
59046.45715,8237.046829,0.139501119,0
62662.25883,1965.921357,0.031373292,0
33614.49461,4837.787511,0.143919686,0
48765.12887,5183.859126,0.106302582,0
57240.75694,313.6279418,0.005479102,0
49973.66646,363.899917,0.007281833,0
41255.93969,5296.907773,0.128391398,0
61129.72316,11302.76769,0.184898068,0
48938.58344,3028.834619,0.061890525,0
68648.2414,9425.707309,0.137304425,1
41250.82854,7651.577272,0.185489057,0
22415.65476,4371.715441,0.195029567,0
24112.49939,3285.499948,0.136257129,0
41692.60518,1708.712503,0.040983587,0
23516.7277,559.9053229,0.023808811,0
53812.22648,3245.041667,0.060303055,0
29750.2948,3627.987077,0.121947937,0
22633.67692,553.5208586,0.024455631,0
28713.83052,1936.813257,0.067452277,0
63321.90927,8092.98278,0.127806992,1
35276.58799,6820.315404,0.193338296,1
35914.60931,520.9960335,0.014506521,0
31568.14432,5067.410013,0.160522898,0
39934.06749,184.7443024,0.004626233,0
48614.84968,5984.950784,0.123109519,0
29838.12481,5913.649556,0.198191059,1
57745.35888,5540.464047,0.095946482,0
44447.5293,2714.403108,0.061069831,0
51768.00534,6632.036203,0.128110715,1
34891.14044,6152.314492,0.176328845,0
45382.8079,2742.454975,0.060429381,0
40719.49032,6415.086244,0.157543383,1
55145.78501,8968.678877,0.1626358,0
48752.42408,8934.785761,0.183268544,1
55763.42742,7913.837734,0.141918065,1
36431.16141,6783.361363,0.186196682,0
40522.82828,7720.780489,0.190529161,0
42465.66975,7314.976322,0.172256233,0
38561.94404,4831.111171,0.125281837,0
54957.44967,6976.463275,0.126942995,0
24822.06984,2361.166802,0.095123687,0
25252.48774,434.8674516,0.017220777,0
25671.74258,2272.14762,0.088507728,0
60672.14559,6279.687007,0.103501977,0
60729.94924,5006.850087,0.082444496,0
40240.72756,7498.630447,0.186344306,1
57513.81746,6921.491029,0.120344838,1
64287.39763,6301.594778,0.098022241,0
48428.03365,7718.479795,0.159380409,1
55313.83225,9733.113189,0.17596165,1
27045.39957,2503.7884,0.092577238,0
58216.07198,9581.833306,0.164590859,1
34722.96483,4073.411901,0.117311754,0
58503.77101,7050.432526,0.120512446,0
55299.78724,8052.381283,0.145613242,0
49501.90592,2226.81958,0.044984522,0
61765.70904,3649.643103,0.0590885,0
48430.99367,6069.649094,0.125325719,1
66366.95742,465.0115658,0.007006673,0
55320.78001,5990.716973,0.108290537,0
48774.28816,3728.483342,0.076443624,0
61679.95316,3060.030168,0.049611422,0
61485.1796,3211.670281,0.052234869,0
24402.44017,101.2185381,0.004147886,0
21258.90278,706.6197387,0.033238768,0
48763.68054,8172.052504,0.167584817,1
24406.89381,1733.403111,0.071021045,0
61693.58631,1568.863689,0.025429932,0
22748.03304,108.6299113,0.004775354,0
21479.94672,1098.073365,0.051120861,0
51286.6564,1134.234384,0.022115585,0
27153.66392,3177.517372,0.117019839,0
36370.49398,2855.2161,0.078503638,0
32400.54496,3591.797505,0.110856083,0
60434.16443,2474.248112,0.040941215,0
57303.47976,10491.63215,0.183088919,0
42994.68224,4453.824617,0.103590128,0
68339.80794,2505.868398,0.036667771,0
49292.30314,967.1345882,0.019620398,0
57802.4297,6796.590935,0.117583136,0
50779.38079,6859.836596,0.135090986,0
35993.98976,93.89580488,0.002608652,0
21771.12934,350.4455484,0.016096802,0
61414.80126,9743.609259,0.158652459,0
35784.66349,110.2028905,0.003079612,0
24791.1867,4844.680983,0.195419487,0
49048.75736,6363.113668,0.129730375,0
69852.05872,9246.265058,0.132369256,0
21217.74746,2690.768134,0.126816861,1
48031.06741,7826.325909,0.162942994,0
64072.31322,2426.008622,0.037863603,0
56689.4639,5740.591698,0.101263821,0
45769.25952,8236.476519,0.179956517,0
35020.48877,6832.803042,0.195108729,1
56751.92851,7877.330041,0.138802861,0
27363.6318,3215.263093,0.117501329,0
48455.71741,1780.507334,0.036745041,0
21424.09133,1795.223958,0.083794637,0
69992.33271,52.87219028,0.0007554,0
68110.23995,11029.66771,0.161938465,1
48015.55474,54.00824238,0.001124807,0
23102.21779,1779.574528,0.077030463,0
46134.85414,8716.611259,0.188937657,0
48547.96138,1940.870699,0.039978418,0
26095.02691,5143.490416,0.197106155,0
64057.84479,5774.281958,0.090141683,0
24454.19062,864.9687379,0.035370982,0
40506.94401,5961.531816,0.147173083,0
43421.04574,4705.757083,0.108375029,0
55881.5418,8383.074165,0.150015084,1
45917.60069,8253.273858,0.179740965,0
52901.90954,729.3773772,0.013787354,0
41183.82466,7606.993239,0.184708276,0
25379.91548,4693.111697,0.184914394,1
27514.08847,192.1446105,0.006983499,0
44241.283,8733.179295,0.197398871,1
29076.33771,286.2644342,0.009845271,0
60536.91287,3132.551831,0.051746144,0
47881.956,5575.635648,0.116445444,0
49144.37106,1633.03578,0.033229356,0
33707.80104,321.5789312,0.009540193,0
46442.28279,1484.561548,0.031965732,0
25602.95725,2214.922493,0.086510416,0
61236.39608,6562.903837,0.107173254,0
48187.34788,2003.41185,0.041575474,0
29933.20193,5953.521871,0.198893586,1
41027.90736,4369.218876,0.106493827,0
49990.66011,1896.754994,0.037942187,0
59792.50859,660.2414526,0.01104221,0
35879.51999,5335.403499,0.148703313,0
29102.22172,1890.447478,0.064958871,0
30047.81941,5768.742735,0.191985404,0
59299.16272,4944.056264,0.083374807,0
64484.0148,1391.601802,0.02158057,0
36352.42229,6239.247526,0.171632236,0
66034.7543,3913.782124,0.05926852,0
51650.27137,3743.003437,0.072468224,0
31898.15991,2015.182969,0.063175524,0
58780.2335,5029.707636,0.08556801,0
67754.10467,2989.950997,0.044129444,0
48500.26815,7054.606149,0.145454993,0
55704.79816,5594.332971,0.100428206,0
50458.9582,9852.889427,0.195265415,0
48263.00343,7798.793463,0.161589477,1
38755.16271,4244.498033,0.109520842,0
68131.6643,7813.23983,0.114678541,0
28991.42394,1249.347564,0.043093694,0
35108.55795,4002.991276,0.114017536,0
28858.59887,3764.815174,0.13045731,1
22800.79677,3740.900936,0.164068869,1
29572.9759,5006.253823,0.16928475,0
21982.01737,4265.173704,0.194030131,1
45576.83836,4952.653346,0.108666014,0
55068.66894,4852.766598,0.088122097,0
56441.01624,9043.756044,0.160233756,0
68047.92531,4023.064765,0.05912105,0
36275.73586,644.3841948,0.017763504,0
52389.36685,10398.82059,0.198491053,0
23678.37611,1779.814597,0.075166244,0
37707.64295,268.2909708,0.007115029,0
57753.56896,5067.449964,0.087742629,0
30529.96329,6046.840845,0.1980625,0
44022.26874,1707.67287,0.038791115,0
58533.88468,7832.443321,0.133810414,0
33702.53183,922.0365897,0.027358081,0
40236.87207,4354.314412,0.108217021,0
62619.15599,3959.611772,0.063233234,0
50738.36219,9719.562798,0.191562407,0
64466.76014,8537.369666,0.132430568,1
64636.40219,2583.106425,0.039963648,0
22371.52219,2291.856428,0.102445261,0
67994.98847,7289.014109,0.107199284,0
49640.0047,5760.858734,0.116052744,0
42067.24645,4601.606183,0.109386912,0
43662.09269,7269.596897,0.166496758,1
34237.57542,2658.090632,0.077636649,0
26300.44655,2317.393678,0.088112332,0
30803.80616,623.0241528,0.020225557,0
54421.41016,3273.631823,0.060153381,0
24254.70079,2225.284643,0.09174653,0
59221.04487,1926.729397,0.032534539,0
69516.12757,3503.176156,0.050393718,0
44311.44926,5522.786693,0.124635659,1
43756.0566,1622.722598,0.037085668,0
69436.57955,7378.833599,0.106267239,0
